lat,lon,satelite,data
3.0864,-61.334202,METOP-B,2022-04-15 01:07:00
-11.7862,-56.331501,METOP-B,2022-04-15 01:07:00
-11.7845,-56.323898,METOP-B,2022-04-15 01:07:00
-23.4513,-59.436401,METOP-B,2022-04-15 01:07:00
-23.461,-59.434502,METOP-B,2022-04-15 01:07:00
-23.4583,-59.417999,METOP-B,2022-04-15 01:07:00
-20.75785,-48.87432,TERRA_M-M,2022-04-15 01:52:00
-23.50753,-59.45235,TERRA_M-M,2022-04-15 01:52:00
-23.51386,-59.44706,TERRA_M-M,2022-04-15 01:52:00
-17.07841,-50.01173,TERRA_M-M,2022-04-15 01:54:00
-17.08746,-50.01029,TERRA_M-M,2022-04-15 01:54:00
-18.38035,-58.99187,TERRA_M-M,2022-04-15 01:54:00
-15.7972,-71.893204,METOP-C,2022-04-15 02:00:00
-17.7659,-60.714699,METOP-C,2022-04-15 02:00:00
-23.503799,-59.450699,METOP-C,2022-04-15 02:00:00
-23.501101,-59.439899,METOP-C,2022-04-15 02:00:00
-23.5135,-59.4478,METOP-C,2022-04-15 02:00:00
-23.510799,-59.437099,METOP-C,2022-04-15 02:00:00
-23.507999,-59.4263,METOP-C,2022-04-15 02:00:00
-7.47652,-34.84258,NPP-375D,2022-04-15 03:21:00
-8.07174,-34.97778,NPP-375D,2022-04-15 03:23:00
-8.39122,-35.02947,NPP-375D,2022-04-15 03:23:00
-8.65693,-35.9943,NPP-375D,2022-04-15 03:23:00
-11.5374,-38.17825,NPP-375D,2022-04-15 03:23:00
-11.53819,-38.17383,NPP-375D,2022-04-15 03:23:00
-8.53888,-36.354,NPP-375D,2022-04-15 03:23:00
-16.40543,-40.91288,NPP-375D,2022-04-15 03:25:00
-16.95787,-39.99346,NPP-375D,2022-04-15 03:25:00
-17.737,-39.52714,NPP-375D,2022-04-15 03:25:00
-17.73786,-39.52271,NPP-375D,2022-04-15 03:25:00
-15.79137,-71.85628,TERRA_M-M,2022-04-15 03:34:00
-3.85549,-38.606,NOAA-20,2022-04-15 04:12:00
-5.72633,-44.93768,NOAA-20,2022-04-15 04:14:00
-6.18077,-44.55416,NOAA-20,2022-04-15 04:14:00
-6.31798,-46.25375,NOAA-20,2022-04-15 04:14:00
-6.31866,-46.2496,NOAA-20,2022-04-15 04:14:00
-6.32158,-46.25435,NOAA-20,2022-04-15 04:14:00
-6.32227,-46.25018,NOAA-20,2022-04-15 04:14:00
-5.98271,-42.37618,NOAA-20,2022-04-15 04:14:00
-8.15254,-44.59346,NOAA-20,2022-04-15 04:14:00
-8.15588,-44.594,NOAA-20,2022-04-15 04:14:00
-8.15645,-44.59044,NOAA-20,2022-04-15 04:14:00
-8.5135,-39.25995,NOAA-20,2022-04-15 04:14:00
-8.51735,-39.26053,NOAA-20,2022-04-15 04:14:00
-11.6214,-55.3866,NOAA-20,2022-04-15 04:17:00
-11.6223,-55.3821,NOAA-20,2022-04-15 04:17:00
-15.37246,-39.13951,NOAA-20,2022-04-15 04:17:00
-16.40495,-40.91154,NOAA-20,2022-04-15 04:17:00
-16.40878,-40.91239,NOAA-20,2022-04-15 04:17:00
-16.95572,-39.9903,NOAA-20,2022-04-15 04:17:00
-17.07924,-50.00857,NOAA-20,2022-04-15 04:17:00
-17.08307,-50.00929,NOAA-20,2022-04-15 04:17:00
-17.18309,-45.89846,NOAA-20,2022-04-15 04:17:00
-17.30148,-44.92616,NOAA-20,2022-04-15 04:17:00
-17.66438,-46.68601,NOAA-20,2022-04-15 04:17:00
-17.73783,-39.5237,NOAA-20,2022-04-15 04:17:00
-18.12372,-44.1389,NOAA-20,2022-04-15 04:17:00
-20.75455,-48.87631,NOAA-20,2022-04-15 04:17:00
-20.75524,-48.87223,NOAA-20,2022-04-15 04:17:00
-20.75638,-48.87578,NOAA-20,2022-04-15 04:17:00
-20.99369,-51.79211,NOAA-20,2022-04-15 04:17:00
-23.98358,-48.91812,NOAA-20,2022-04-15 04:17:00
-17.66117,-51.81783,NOAA-20,2022-04-15 04:19:00
-18.22806,-48.12953,NOAA-20,2022-04-15 04:19:00
-18.25926,-55.38203,NOAA-20,2022-04-15 04:19:00
-20.31122,-45.58318,NOAA-20,2022-04-15 04:19:00
-20.76447,-46.7697,NOAA-20,2022-04-15 04:19:00
-23.50244,-59.42543,NOAA-20,2022-04-15 04:19:00
-23.50255,-59.45174,NOAA-20,2022-04-15 04:19:00
-23.50271,-59.45366,NOAA-20,2022-04-15 04:19:00
-23.50274,-59.42746,NOAA-20,2022-04-15 04:19:00
-23.5036,-59.42054,NOAA-20,2022-04-15 04:19:00
-23.50372,-59.44682,NOAA-20,2022-04-15 04:19:00
-23.50391,-59.44876,NOAA-20,2022-04-15 04:19:00
-23.50394,-59.42257,NOAA-20,2022-04-15 04:19:00
-23.50489,-59.4419,NOAA-20,2022-04-15 04:19:00
-23.50511,-59.44386,NOAA-20,2022-04-15 04:19:00
-23.50606,-59.43699,NOAA-20,2022-04-15 04:19:00
-23.50631,-59.43896,NOAA-20,2022-04-15 04:19:00
-23.50722,-59.43209,NOAA-20,2022-04-15 04:19:00
-23.50751,-59.43407,NOAA-20,2022-04-15 04:19:00
-24.24217,-50.7412,NOAA-20,2022-04-15 04:19:00
-24.24351,-50.7393,NOAA-20,2022-04-15 04:19:00
-27.08934,-50.51725,NOAA-20,2022-04-15 04:19:00
-27.6115,-48.6623,NOAA-20,2022-04-15 04:19:00
-23.49798,-59.42086,NOAA-20,2022-04-15 04:19:00
-23.5001,-59.43524,NOAA-20,2022-04-15 04:19:00
-23.50035,-59.43723,NOAA-20,2022-04-15 04:19:00
-23.50126,-59.43033,NOAA-20,2022-04-15 04:19:00
-23.50154,-59.43235,NOAA-20,2022-04-15 04:19:00
-23.69105,-60.61769,NOAA-20,2022-04-15 04:19:00
-23.69249,-60.61197,NOAA-20,2022-04-15 04:19:00
-27.23161,-61.58733,NOAA-20,2022-04-15 04:19:00
-27.23367,-61.59085,NOAA-20,2022-04-15 04:19:00
-2.57924,-54.70969,NPP-375D,2022-04-15 05:01:00
-2.74951,-54.59513,NPP-375D,2022-04-15 05:01:00
-9.86544,-57.80565,NPP-375D,2022-04-15 05:04:00
-7.73217,-55.19871,NPP-375D,2022-04-15 05:04:00
-6.31968,-46.25525,NPP-375D,2022-04-15 05:04:00
-6.32016,-46.25169,NPP-375D,2022-04-15 05:04:00
-6.32029,-46.25427,NPP-375D,2022-04-15 05:04:00
-6.3208,-46.2507,NPP-375D,2022-04-15 05:04:00
-8.15114,-44.59412,NPP-375D,2022-04-15 05:04:00
-8.15315,-44.59349,NPP-375D,2022-04-15 05:04:00
-8.15741,-44.59492,NPP-375D,2022-04-15 05:04:00
-8.15802,-44.59013,NPP-375D,2022-04-15 05:04:00
-15.39236,-62.31753,NPP-375D,2022-04-15 05:06:00
-11.97533,-57.65802,NPP-375D,2022-04-15 05:06:00
-11.9759,-57.65447,NPP-375D,2022-04-15 05:06:00
-12.47447,-57.20168,NPP-375D,2022-04-15 05:06:00
-12.94964,-56.93059,NPP-375D,2022-04-15 05:06:00
-13.26036,-56.84932,NPP-375D,2022-04-15 05:06:00
-11.83101,-56.32323,NPP-375D,2022-04-15 05:06:00
-11.16387,-54.27936,NPP-375D,2022-04-15 05:06:00
-11.16798,-54.27595,NPP-375D,2022-04-15 05:06:00
-11.62056,-55.38411,NPP-375D,2022-04-15 05:06:00
-11.62396,-55.38464,NPP-375D,2022-04-15 05:06:00
-11.62452,-55.38095,NPP-375D,2022-04-15 05:06:00
-11.63244,-55.37462,NPP-375D,2022-04-15 05:06:00
-11.63584,-55.37515,NPP-375D,2022-04-15 05:06:00
-16.26576,-54.84282,NPP-375D,2022-04-15 05:06:00
-17.08381,-50.01016,NPP-375D,2022-04-15 05:06:00
-15.77692,-71.87318,NPP-375D,2022-04-15 05:08:00
-15.78384,-71.87469,NPP-375D,2022-04-15 05:08:00
-15.77908,-71.86371,NPP-375D,2022-04-15 05:08:00
-15.77938,-71.86945,NPP-375D,2022-04-15 05:08:00
-15.7815,-71.85983,NPP-375D,2022-04-15 05:08:00
-15.78636,-71.87068,NPP-375D,2022-04-15 05:08:00
-15.78671,-71.86205,NPP-375D,2022-04-15 05:08:00
-16.33684,-71.45544,NPP-375D,2022-04-15 05:08:00
-21.86122,-63.85125,NPP-375D,2022-04-15 05:08:00
-21.86503,-63.85208,NPP-375D,2022-04-15 05:08:00
-16.11775,-62.02134,NPP-375D,2022-04-15 05:08:00
-16.11796,-62.01867,NPP-375D,2022-04-15 05:08:00
-16.11857,-62.01657,NPP-375D,2022-04-15 05:08:00
-16.12172,-62.01941,NPP-375D,2022-04-15 05:08:00
-16.12257,-62.01466,NPP-375D,2022-04-15 05:08:00
-16.12547,-62.02016,NPP-375D,2022-04-15 05:08:00
-16.13089,-62.05525,NPP-375D,2022-04-15 05:08:00
-16.785,-60.6695,NPP-375D,2022-04-15 05:08:00
-17.39764,-60.93483,NPP-375D,2022-04-15 05:08:00
-17.42289,-60.87226,NPP-375D,2022-04-15 05:08:00
-17.5238,-60.09145,NPP-375D,2022-04-15 05:08:00
-17.69018,-60.70391,NPP-375D,2022-04-15 05:08:00
-17.70562,-61.14161,NPP-375D,2022-04-15 05:08:00
-17.70634,-61.13746,NPP-375D,2022-04-15 05:08:00
-17.70694,-61.19759,NPP-375D,2022-04-15 05:08:00
-17.70916,-61.14227,NPP-375D,2022-04-15 05:08:00
-17.76068,-60.71568,NPP-375D,2022-04-15 05:08:00
-17.76136,-60.71169,NPP-375D,2022-04-15 05:08:00
-17.76415,-60.71632,NPP-375D,2022-04-15 05:08:00
-17.76483,-60.71233,NPP-375D,2022-04-15 05:08:00
-17.76763,-60.71696,NPP-375D,2022-04-15 05:08:00
-17.76831,-60.71297,NPP-375D,2022-04-15 05:08:00
-17.7711,-60.7176,NPP-375D,2022-04-15 05:08:00
-16.11707,-60.75252,NPP-375D,2022-04-15 05:08:00
-16.11921,-60.75655,NPP-375D,2022-04-15 05:08:00
-16.11992,-60.75244,NPP-375D,2022-04-15 05:08:00
-16.12063,-60.74835,NPP-375D,2022-04-15 05:08:00
-16.12204,-60.76133,NPP-375D,2022-04-15 05:08:00
-16.12275,-60.7572,NPP-375D,2022-04-15 05:08:00
-16.39182,-60.94416,NPP-375D,2022-04-15 05:08:00
-16.39538,-60.9448,NPP-375D,2022-04-15 05:08:00
-22.8517,-61.00793,NPP-375D,2022-04-15 05:08:00
-22.85507,-61.00858,NPP-375D,2022-04-15 05:08:00
-23.69507,-60.61697,NPP-375D,2022-04-15 05:08:00
-23.69569,-60.61316,NPP-375D,2022-04-15 05:08:00
-23.69631,-60.60934,NPP-375D,2022-04-15 05:08:00
-23.69903,-60.61379,NPP-375D,2022-04-15 05:08:00
-21.31149,-59.84328,NPP-375D,2022-04-15 05:08:00
-18.3707,-58.99495,NPP-375D,2022-04-15 05:08:00
-18.37128,-58.99129,NPP-375D,2022-04-15 05:08:00
-18.37187,-58.98764,NPP-375D,2022-04-15 05:08:00
-18.37345,-58.99918,NPP-375D,2022-04-15 05:08:00
-22.74208,-59.18207,NPP-375D,2022-04-15 05:08:00
-22.746,-59.17891,NPP-375D,2022-04-15 05:08:00
-23.50145,-59.42284,NPP-375D,2022-04-15 05:08:00
-23.50362,-59.43101,NPP-375D,2022-04-15 05:08:00
-23.50403,-59.45052,NPP-375D,2022-04-15 05:08:00
-23.5042,-59.42723,NPP-375D,2022-04-15 05:08:00
-23.50461,-59.44674,NPP-375D,2022-04-15 05:08:00
-23.50479,-59.42345,NPP-375D,2022-04-15 05:08:00
-23.5052,-59.44296,NPP-375D,2022-04-15 05:08:00
-23.50537,-59.41967,NPP-375D,2022-04-15 05:08:00
-23.50578,-59.43918,NPP-375D,2022-04-15 05:08:00
-23.50637,-59.4354,NPP-375D,2022-04-15 05:08:00
-23.50695,-59.43162,NPP-375D,2022-04-15 05:08:00
-23.50736,-59.45113,NPP-375D,2022-04-15 05:08:00
-23.50754,-59.42784,NPP-375D,2022-04-15 05:08:00
-23.50795,-59.44734,NPP-375D,2022-04-15 05:08:00
-21.07248,-55.74704,NPP-375D,2022-04-15 05:08:00
-21.34149,-55.78217,NPP-375D,2022-04-15 05:08:00
-19.9805,-52.27005,NPP-375D,2022-04-15 05:08:00
-18.43354,-55.55461,NPP-375D,2022-04-15 05:08:00
-18.26253,-55.38086,NPP-375D,2022-04-15 05:08:00
-17.654,-55.11284,NPP-375D,2022-04-15 05:08:00
-16.45078,-60.84628,NPP-375D,2022-04-15 05:08:00
-17.4222,-60.87633,NPP-375D,2022-04-15 05:08:00
-18.37403,-58.99553,NPP-375D,2022-04-15 05:08:00
-18.37462,-58.99187,NPP-375D,2022-04-15 05:08:00
-18.3752,-58.98822,NPP-375D,2022-04-15 05:08:00
-21.3109,-59.84701,NPP-375D,2022-04-15 05:08:00
-28.46695,-65.22999,NPP-375D,2022-04-15 05:10:00
-28.46808,-65.22673,NPP-375D,2022-04-15 05:10:00
-27.2354,-61.58862,NPP-375D,2022-04-15 05:10:00
-25.96278,-61.45874,NPP-375D,2022-04-15 05:10:00
-28.25987,-58.14483,NPP-375D,2022-04-15 05:10:00
4.77454,-69.87376,NOAA-20,2022-04-15 05:53:00
-15.78507,-71.85758,NOAA-20,2022-04-15 05:57:00
-16.25514,-71.68545,NOAA-20,2022-04-15 05:57:00
-16.32363,-71.4512,NOAA-20,2022-04-15 05:57:00
-16.32693,-71.45184,NOAA-20,2022-04-15 05:57:00
-16.32811,-71.4445,NOAA-20,2022-04-15 05:57:00
-16.34073,-71.45063,NOAA-20,2022-04-15 05:57:00
-16.34132,-71.44697,NOAA-20,2022-04-15 05:57:00
-16.34404,-71.45123,NOAA-20,2022-04-15 05:57:00
-16.12213,-62.01868,NOAA-20,2022-04-15 05:57:00
-16.12249,-62.01566,NOAA-20,2022-04-15 05:57:00
-16.13301,-62.0576,NOAA-20,2022-04-15 05:57:00
-16.13338,-62.0545,NOAA-20,2022-04-15 05:57:00
-17.42253,-60.87489,NOAA-20,2022-04-15 05:57:00
-17.70564,-61.19779,NOAA-20,2022-04-15 05:57:00
-17.7062,-61.14128,NOAA-20,2022-04-15 05:57:00
-17.70661,-61.13754,NOAA-20,2022-04-15 05:57:00
-17.75754,-60.71611,NOAA-20,2022-04-15 05:57:00
-17.75796,-60.71212,NOAA-20,2022-04-15 05:57:00
-17.76321,-60.71677,NOAA-20,2022-04-15 05:57:00
-17.76363,-60.71277,NOAA-20,2022-04-15 05:57:00
-17.76888,-60.71741,NOAA-20,2022-04-15 05:57:00
-17.76931,-60.71342,NOAA-20,2022-04-15 05:57:00
-16.11702,-60.7537,NOAA-20,2022-04-15 05:57:00
-16.11744,-60.74989,NOAA-20,2022-04-15 05:57:00
-16.12175,-60.7618,NOAA-20,2022-04-15 05:57:00
-16.12215,-60.75811,NOAA-20,2022-04-15 05:57:00
-16.12298,-60.75057,NOAA-20,2022-04-15 05:57:00
-16.44748,-60.84809,NOAA-20,2022-04-15 05:57:00
-16.45299,-60.84891,NOAA-20,2022-04-15 05:57:00
-18.36944,-58.99471,NOAA-20,2022-04-15 05:57:00
-18.36991,-58.98943,NOAA-20,2022-04-15 05:57:00
-18.37237,-59.00313,NOAA-20,2022-04-15 05:57:00
-18.37288,-58.99788,NOAA-20,2022-04-15 05:57:00
-18.37339,-58.99262,NOAA-20,2022-04-15 05:57:00
-18.3739,-58.98732,NOAA-20,2022-04-15 05:57:00
-18.37532,-59.00063,NOAA-20,2022-04-15 05:57:00
-18.37579,-58.99537,NOAA-20,2022-04-15 05:57:00
-18.37627,-58.99008,NOAA-20,2022-04-15 05:57:00
-23.36113,-67.73216,NOAA-20,2022-04-15 05:59:00
-27.23256,-61.58539,NOAA-20,2022-04-15 05:59:00
-25.96335,-61.45772,NOAA-20,2022-04-15 05:59:00
-23.69663,-60.6156,NOAA-20,2022-04-15 05:59:00
-23.69704,-60.61065,NOAA-20,2022-04-15 05:59:00
-23.50191,-59.44184,NOAA-20,2022-04-15 05:59:00
-23.50197,-59.44722,NOAA-20,2022-04-15 05:59:00
-23.50233,-59.43599,NOAA-20,2022-04-15 05:59:00
-23.50243,-59.44137,NOAA-20,2022-04-15 05:59:00
-23.50276,-59.43011,NOAA-20,2022-04-15 05:59:00
-23.50289,-59.43551,NOAA-20,2022-04-15 05:59:00
-23.50318,-59.42424,NOAA-20,2022-04-15 05:59:00
-23.50335,-59.42965,NOAA-20,2022-04-15 05:59:00
-23.50381,-59.42378,NOAA-20,2022-04-15 05:59:00
-23.508,-59.44829,NOAA-20,2022-04-15 05:59:00
-23.50843,-59.44241,NOAA-20,2022-04-15 05:59:00
-23.50885,-59.43655,NOAA-20,2022-04-15 05:59:00
-23.50928,-59.43066,NOAA-20,2022-04-15 05:59:00
4.85552,-70.23455,NPP-375D,2022-04-15 06:42:00
4.85602,-70.23751,NPP-375D,2022-04-15 06:42:00
4.86109,-70.23668,NPP-375D,2022-04-15 06:42:00
-15.78697,-71.85602,NPP-375D,2022-04-15 06:48:00
-15.78767,-71.8493,NPP-375D,2022-04-15 06:48:00
-16.2719,-71.54037,NPP-375D,2022-04-15 06:48:00
-16.32335,-71.44232,NPP-375D,2022-04-15 06:48:00
-16.32597,-71.44865,NPP-375D,2022-04-15 06:48:00
-16.32635,-71.44498,NPP-375D,2022-04-15 06:48:00
-16.32676,-71.44111,NPP-375D,2022-04-15 06:48:00
-16.32983,-71.44131,NPP-375D,2022-04-15 06:48:00
-16.33163,-71.45545,NPP-375D,2022-04-15 06:48:00
-16.33204,-71.45161,NPP-375D,2022-04-15 06:48:00
-5.63878,-35.42443,TERRA_M-T,2022-04-15 12:42:00
-11.40464,-39.94058,TERRA_M-T,2022-04-15 12:44:00
-11.6608,-45.14595,TERRA_M-T,2022-04-15 12:44:00
-12.81365,-44.47559,TERRA_M-T,2022-04-15 12:44:00
-13.46674,-40.06145,TERRA_M-T,2022-04-15 12:44:00
-6.94567,-34.96721,TERRA_M-T,2022-04-15 12:44:00
-12.73455,-55.18454,TERRA_M-T,2022-04-15 14:25:00
-13.29677,-53.04371,TERRA_M-T,2022-04-15 14:25:00
-13.41772,-52.81159,TERRA_M-T,2022-04-15 14:25:00
-15.87435,-63.18143,TERRA_M-T,2022-04-15 14:25:00
-16.11975,-60.75325,TERRA_M-T,2022-04-15 14:25:00
-16.12236,-62.0201,TERRA_M-T,2022-04-15 14:25:00
-17.40013,-63.88501,TERRA_M-T,2022-04-15 14:25:00
-17.64064,-67.21922,TERRA_M-T,2022-04-15 14:25:00
-17.69428,-60.69964,TERRA_M-T,2022-04-15 14:25:00
-17.70634,-61.13666,TERRA_M-T,2022-04-15 14:25:00
-17.70846,-61.14288,TERRA_M-T,2022-04-15 14:25:00
-17.76371,-60.71516,TERRA_M-T,2022-04-15 14:25:00
-17.76379,-60.7093,TERRA_M-T,2022-04-15 14:25:00
-19.0098,-63.12049,TERRA_M-T,2022-04-15 14:25:00
-22.73491,-59.18402,TERRA_M-T,2022-04-15 14:27:00
-22.73683,-59.1665,TERRA_M-T,2022-04-15 14:27:00
-27.23346,-61.58316,TERRA_M-T,2022-04-15 14:27:00
-27.85575,-61.62369,TERRA_M-T,2022-04-15 14:27:00
-16.34,-71.45,GOES-16,2022-04-15 14:40:00
-16.34,-71.45,GOES-16,2022-04-15 14:50:00
-11.64887,-37.52724,NOAA-20,2022-04-15 15:07:00
-10.74916,-37.68406,NOAA-20,2022-04-15 15:09:00
-16.34,-71.45,GOES-16,2022-04-15 15:10:00
-16.34,-71.45,GOES-16,2022-04-15 15:20:00
-14.3,-58.96,GOES-16,2022-04-15 15:30:00
-16.34,-71.45,GOES-16,2022-04-15 15:30:00
-14.3,-58.96,GOES-16,2022-04-15 15:40:00
5.24,-68.32,GOES-16,2022-04-15 15:50:00
-10.7815,-37.69546,NPP-375,2022-04-15 15:58:00
-10.79107,-40.11988,NPP-375,2022-04-15 15:58:00
-12.27325,-38.08376,NPP-375,2022-04-15 15:58:00
-12.27666,-38.08325,NPP-375,2022-04-15 15:58:00
-12.55566,-39.11733,NPP-375,2022-04-15 15:58:00
-12.5567,-39.11685,NPP-375,2022-04-15 15:58:00
-12.57949,-38.05602,NPP-375,2022-04-15 15:58:00
-12.66084,-39.2186,NPP-375,2022-04-15 15:58:00
-13.8934,-39.15567,NPP-375,2022-04-15 15:58:00
-13.93914,-39.14059,NPP-375,2022-04-15 15:58:00
-13.98919,-39.20274,NPP-375,2022-04-15 15:58:00
-14.23553,-39.13493,NPP-375,2022-04-15 15:58:00
-17.65828,-46.41689,NPP-375,2022-04-15 15:58:00
-11.59954,-39.21105,NPP-375,2022-04-15 15:58:00
-11.59961,-39.21062,NPP-375,2022-04-15 15:58:00
-12.20469,-41.2013,NPP-375,2022-04-15 15:58:00
-12.20627,-41.19846,NPP-375,2022-04-15 15:58:00
-17.68279,-46.41896,NPP-375,2022-04-15 15:58:00
-17.68786,-43.35338,NPP-375,2022-04-15 15:58:00
-14.3,-58.96,GOES-16,2022-04-15 16:00:00
-14.3,-58.98,GOES-16,2022-04-15 16:00:00
-14.28,-58.96,GOES-16,2022-04-15 16:00:00
-10.24225,-46.88809,NPP-375,2022-04-15 16:01:00
-10.2427,-46.8917,NPP-375,2022-04-15 16:01:00
-10.24836,-46.89103,NPP-375,2022-04-15 16:01:00
-11.18531,-50.03703,NPP-375,2022-04-15 16:01:00
-5.09063,-44.1248,NPP-375,2022-04-15 16:01:00
-5.09098,-44.1211,NPP-375,2022-04-15 16:01:00
-5.09156,-44.12524,NPP-375,2022-04-15 16:01:00
-5.09497,-44.12423,NPP-375,2022-04-15 16:01:00
-5.56363,-47.07844,NPP-375,2022-04-15 16:01:00
-7.09099,-47.15715,NPP-375,2022-04-15 16:01:00
-7.09145,-47.16053,NPP-375,2022-04-15 16:01:00
-7.09699,-47.16009,NPP-375,2022-04-15 16:01:00
-7.22578,-46.98857,NPP-375,2022-04-15 16:01:00
-10.07463,-37.72929,NPP-375,2022-04-15 16:01:00
-10.19822,-37.11486,NPP-375,2022-04-15 16:01:00
-10.6679,-40.32108,NPP-375,2022-04-15 16:01:00
-5.38974,-43.1067,NPP-375,2022-04-15 16:01:00
-5.39075,-43.11378,NPP-375,2022-04-15 16:01:00
-5.39481,-43.11318,NPP-375,2022-04-15 16:01:00
-7.02402,-37.28282,NPP-375,2022-04-15 16:01:00
-8.07409,-34.97579,NPP-375,2022-04-15 16:01:00
-8.6923,-36.40987,NPP-375,2022-04-15 16:01:00
-9.63712,-48.25341,NPP-375,2022-04-15 16:01:00
-9.64989,-48.25623,NPP-375,2022-04-15 16:01:00
-8.72176,-35.6724,NPP-375,2022-04-15 16:01:00
-9.04918,-38.23478,NPP-375,2022-04-15 16:01:00
-9.06953,-36.93589,NPP-375,2022-04-15 16:01:00
-9.18808,-35.31188,NPP-375,2022-04-15 16:01:00
-9.37919,-37.21949,NPP-375,2022-04-15 16:01:00
-9.39801,-36.87272,NPP-375,2022-04-15 16:01:00
-9.44273,-36.5703,NPP-375,2022-04-15 16:01:00
-9.44606,-36.56978,NPP-375,2022-04-15 16:01:00
-9.97694,-37.69343,NPP-375,2022-04-15 16:01:00
-14.3,-58.96,GOES-16,2022-04-15 16:10:00
5.11,-68.87,GOES-16,2022-04-15 16:10:00
5.13,-68.82,GOES-16,2022-04-15 16:10:00
5.19,-68.1,GOES-16,2022-04-15 16:10:00
5.19,-68.85,GOES-16,2022-04-15 16:10:00
5.2,-68.83,GOES-16,2022-04-15 16:10:00
5.2,-68.85,GOES-16,2022-04-15 16:10:00
5.28,-67.88,GOES-16,2022-04-15 16:10:00
5.13,-68.87,GOES-16,2022-04-15 16:20:00
5.24,-68.3,GOES-16,2022-04-15 16:20:00
5.24,-68.32,GOES-16,2022-04-15 16:20:00
5.26,-68.32,GOES-16,2022-04-15 16:20:00
5.28,-67.99,GOES-16,2022-04-15 16:20:00
5.28,-68.21,GOES-16,2022-04-15 16:20:00
5.1,-68.01,GOES-16,2022-04-15 16:30:00
5.26,-67.9,GOES-16,2022-04-15 16:30:00
5.28,-68.01,GOES-16,2022-04-15 16:30:00
5.28,-68.32,GOES-16,2022-04-15 16:30:00
4.89,-68.36,GOES-16,2022-04-15 16:40:00
5.28,-68.05,GOES-16,2022-04-15 16:40:00
5.28,-68.08,GOES-16,2022-04-15 16:40:00
-21.89687,-49.85801,NOAA-20,2022-04-15 16:45:00
-21.89744,-49.86229,NOAA-20,2022-04-15 16:45:00
-21.8984,-49.86102,NOAA-20,2022-04-15 16:45:00
-22.21621,-48.49293,NOAA-20,2022-04-15 16:45:00
-22.94442,-47.14906,NOAA-20,2022-04-15 16:45:00
-22.98978,-47.11028,NOAA-20,2022-04-15 16:45:00
-23.14422,-47.14925,NOAA-20,2022-04-15 16:45:00
-23.28922,-53.44849,NOAA-20,2022-04-15 16:45:00
-25.5654,-49.42237,NOAA-20,2022-04-15 16:45:00
-25.65119,-51.58672,NOAA-20,2022-04-15 16:45:00
-26.77019,-52.82347,NOAA-20,2022-04-15 16:45:00
-26.77215,-52.81954,NOAA-20,2022-04-15 16:45:00
-22.73418,-59.1727,NOAA-20,2022-04-15 16:45:00
-22.7346,-59.17811,NOAA-20,2022-04-15 16:45:00
-23.8621,-58.59261,NOAA-20,2022-04-15 16:45:00
-24.83222,-55.60096,NOAA-20,2022-04-15 16:45:00
-24.83253,-55.60441,NOAA-20,2022-04-15 16:45:00
-25.77069,-55.68193,NOAA-20,2022-04-15 16:45:00
-16.2086,-48.6573,NOAA-20,2022-04-15 16:48:00
-16.29866,-52.16967,NOAA-20,2022-04-15 16:48:00
-17.62887,-50.82299,NOAA-20,2022-04-15 16:48:00
-17.65948,-46.41306,NOAA-20,2022-04-15 16:48:00
-17.66008,-46.41681,NOAA-20,2022-04-15 16:48:00
-17.66286,-46.41247,NOAA-20,2022-04-15 16:48:00
-17.66743,-46.4194,NOAA-20,2022-04-15 16:48:00
-17.98583,-50.98545,NOAA-20,2022-04-15 16:48:00
-18.01901,-51.12176,NOAA-20,2022-04-15 16:48:00
-18.04688,-50.97591,NOAA-20,2022-04-15 16:48:00
-18.09204,-51.08075,NOAA-20,2022-04-15 16:48:00
-17.60833,-62.25412,NOAA-20,2022-04-15 16:48:00
-17.70562,-61.19904,NOAA-20,2022-04-15 16:48:00
-17.70723,-61.14219,NOAA-20,2022-04-15 16:48:00
-17.70774,-61.19614,NOAA-20,2022-04-15 16:48:00
-17.7097,-61.13919,NOAA-20,2022-04-15 16:48:00
-17.71239,-61.1983,NOAA-20,2022-04-15 16:48:00
-19.60017,-58.71105,NOAA-20,2022-04-15 16:48:00
-10.22983,-49.15479,NOAA-20,2022-04-15 16:50:00
-10.23315,-49.15427,NOAA-20,2022-04-15 16:50:00
-10.23369,-49.15778,NOAA-20,2022-04-15 16:50:00
-10.38237,-49.04333,NOAA-20,2022-04-15 16:50:00
-11.42177,-54.4068,NOAA-20,2022-04-15 16:50:00
-11.4374,-54.40116,NOAA-20,2022-04-15 16:50:00
-12.73819,-55.18701,NOAA-20,2022-04-15 16:50:00
-13.14499,-53.27071,NOAA-20,2022-04-15 16:50:00
-13.16248,-53.06167,NOAA-20,2022-04-15 16:50:00
-14.183,-58.69077,NOAA-20,2022-04-15 16:50:00
-14.21944,-58.91962,NOAA-20,2022-04-15 16:50:00
-14.22236,-58.91899,NOAA-20,2022-04-15 16:50:00
-14.22281,-58.92286,NOAA-20,2022-04-15 16:50:00
-14.2251,-58.91893,NOAA-20,2022-04-15 16:50:00
-14.28837,-58.97088,NOAA-20,2022-04-15 16:50:00
-14.28928,-58.97891,NOAA-20,2022-04-15 16:50:00
-14.28974,-58.98297,NOAA-20,2022-04-15 16:50:00
-14.29073,-53.02542,NOAA-20,2022-04-15 16:50:00
-14.29139,-53.03028,NOAA-20,2022-04-15 16:50:00
-14.29179,-58.9503,NOAA-20,2022-04-15 16:50:00
-14.29224,-58.95427,NOAA-20,2022-04-15 16:50:00
-14.29406,-58.97024,NOAA-20,2022-04-15 16:50:00
-14.29452,-58.97431,NOAA-20,2022-04-15 16:50:00
-14.29498,-58.97841,NOAA-20,2022-04-15 16:50:00
-14.29545,-58.98251,NOAA-20,2022-04-15 16:50:00
-14.29638,-58.99071,NOAA-20,2022-04-15 16:50:00
-14.30022,-58.97377,NOAA-20,2022-04-15 16:50:00
-14.30069,-58.97792,NOAA-20,2022-04-15 16:50:00
-7.4101,-46.79998,NOAA-20,2022-04-15 16:50:00
-7.68319,-48.26295,NOAA-20,2022-04-15 16:50:00
-9.62187,-48.19804,NOAA-20,2022-04-15 16:50:00
-10.07855,-37.72968,NOAA-20,2022-04-15 16:50:00
-10.65897,-39.45651,NOAA-20,2022-04-15 16:50:00
-10.79042,-40.47238,NOAA-20,2022-04-15 16:50:00
-10.79051,-40.47357,NOAA-20,2022-04-15 16:50:00
-11.85845,-38.70854,NOAA-20,2022-04-15 16:50:00
-11.85852,-38.70506,NOAA-20,2022-04-15 16:50:00
-11.85936,-38.70929,NOAA-20,2022-04-15 16:50:00
-11.86208,-40.53471,NOAA-20,2022-04-15 16:50:00
-11.86263,-40.53769,NOAA-20,2022-04-15 16:50:00
-12.64128,-38.93908,NOAA-20,2022-04-15 16:50:00
-12.70252,-39.68817,NOAA-20,2022-04-15 16:50:00
-13.45827,-40.3545,NOAA-20,2022-04-15 16:50:00
-8.94812,-38.25249,NOAA-20,2022-04-15 16:50:00
-9.05316,-35.81411,NOAA-20,2022-04-15 16:50:00
-9.05752,-35.81289,NOAA-20,2022-04-15 16:50:00
-9.31123,-37.10713,NOAA-20,2022-04-15 16:50:00
-2.40521,-54.73066,NOAA-20,2022-04-15 16:52:00
-3.16065,-48.70352,NOAA-20,2022-04-15 16:52:00
-3.42786,-59.23478,NOAA-20,2022-04-15 16:52:00
-3.45799,-51.20503,NOAA-20,2022-04-15 16:52:00
-3.98839,-46.57896,NOAA-20,2022-04-15 16:52:00
-4.43528,-44.39252,NOAA-20,2022-04-15 16:52:00
-4.6722,-45.03932,NOAA-20,2022-04-15 16:52:00
-4.99871,-48.48577,NOAA-20,2022-04-15 16:52:00
-5.10244,-44.12371,NOAA-20,2022-04-15 16:52:00
-5.15299,-47.20027,NOAA-20,2022-04-15 16:52:00
-5.47873,-47.01096,NOAA-20,2022-04-15 16:52:00
-6.21267,-49.39976,NOAA-20,2022-04-15 16:52:00
-6.33391,-45.27576,NOAA-20,2022-04-15 16:52:00
-7.15115,-47.26529,NOAA-20,2022-04-15 16:52:00
-3.04626,-40.36094,NOAA-20,2022-04-15 16:52:00
-3.04806,-40.35857,NOAA-20,2022-04-15 16:52:00
-3.04881,-40.363,NOAA-20,2022-04-15 16:52:00
5.27121,-66.45207,NOAA-20,2022-04-15 16:56:00
4.89,-68.36,GOES-16,2022-04-15 17:10:00
4.91,-68.4,GOES-16,2022-04-15 17:10:00
5.08,-68.47,GOES-16,2022-04-15 17:10:00
5.17,-68.71,GOES-16,2022-04-15 17:10:00
4.93,-68.36,GOES-16,2022-04-15 17:20:00
-25.65013,-51.58601,NPP-375,2022-04-15 17:34:00
-25.65106,-51.59057,NPP-375,2022-04-15 17:34:00
-23.35618,-58.06092,NPP-375,2022-04-15 17:34:00
-23.47362,-57.59851,NPP-375,2022-04-15 17:34:00
-24.61802,-58.49304,NPP-375,2022-04-15 17:34:00
-24.70783,-60.69509,NPP-375,2022-04-15 17:34:00
-24.82869,-55.60403,NPP-375,2022-04-15 17:34:00
-24.83227,-55.60327,NPP-375,2022-04-15 17:34:00
-25.16563,-58.74215,NPP-375,2022-04-15 17:34:00
-25.76795,-55.68282,NPP-375,2022-04-15 17:34:00
-25.93653,-59.26807,NPP-375,2022-04-15 17:34:00
-25.94045,-59.27135,NPP-375,2022-04-15 17:34:00
-26.44382,-60.61903,NPP-375,2022-04-15 17:34:00
-26.57654,-60.70095,NPP-375,2022-04-15 17:34:00
-27.23449,-61.58612,NPP-375,2022-04-15 17:34:00
-20.95028,-49.15888,NPP-375,2022-04-15 17:37:00
-26.0731,-48.85616,NPP-375,2022-04-15 17:37:00
-26.07385,-48.85952,NPP-375,2022-04-15 17:37:00
-26.07895,-48.85821,NPP-375,2022-04-15 17:37:00
-26.7702,-52.8238,NPP-375,2022-04-15 17:37:00
-16.12032,-60.75289,NPP-375,2022-04-15 17:37:00
-16.22019,-60.90195,NPP-375,2022-04-15 17:37:00
-16.44886,-60.84952,NPP-375,2022-04-15 17:37:00
-17.52582,-60.09222,NPP-375,2022-04-15 17:37:00
-17.58242,-60.9282,NPP-375,2022-04-15 17:37:00
-17.58575,-60.92765,NPP-375,2022-04-15 17:37:00
-17.63365,-62.70704,NPP-375,2022-04-15 17:37:00
-17.70667,-61.19526,NPP-375,2022-04-15 17:37:00
-17.70853,-61.1388,NPP-375,2022-04-15 17:37:00
-17.70908,-61.14245,NPP-375,2022-04-15 17:37:00
-17.71056,-61.19837,NPP-375,2022-04-15 17:37:00
-17.76251,-60.71171,NPP-375,2022-04-15 17:37:00
-17.76639,-60.71479,NPP-375,2022-04-15 17:37:00
-17.76972,-60.71424,NPP-375,2022-04-15 17:37:00
-18.4084,-59.06613,NPP-375,2022-04-15 17:37:00
-18.41456,-59.06118,NPP-375,2022-04-15 17:37:00
-18.41636,-59.07247,NPP-375,2022-04-15 17:37:00
-18.41733,-59.05684,NPP-375,2022-04-15 17:37:00
-18.4183,-59.04119,NPP-375,2022-04-15 17:37:00
-19.01316,-63.12509,NPP-375,2022-04-15 17:37:00
-19.59799,-58.71261,NPP-375,2022-04-15 17:37:00
-19.61739,-62.77005,NPP-375,2022-04-15 17:37:00
-20.57639,-66.86887,NPP-375,2022-04-15 17:37:00
-21.34405,-68.8882,NPP-375,2022-04-15 17:37:00
-21.46501,-65.97305,NPP-375,2022-04-15 17:37:00
-21.86444,-63.85223,NPP-375,2022-04-15 17:37:00
-23.20039,-58.48734,NPP-375,2022-04-15 17:37:00
-23.5077,-59.42628,NPP-375,2022-04-15 17:37:00
-23.50827,-59.43007,NPP-375,2022-04-15 17:37:00
-24.27512,-67.28769,NPP-375,2022-04-15 17:37:00
-27.8528,-61.61937,NPP-375,2022-04-15 17:37:00
-27.8534,-61.62414,NPP-375,2022-04-15 17:37:00
-27.85399,-61.62891,NPP-375,2022-04-15 17:37:00
-27.85646,-61.61879,NPP-375,2022-04-15 17:37:00
-27.85706,-61.62356,NPP-375,2022-04-15 17:37:00
-27.85766,-61.62833,NPP-375,2022-04-15 17:37:00
-27.85825,-61.63309,NPP-375,2022-04-15 17:37:00
-28.183,-60.40623,NPP-375,2022-04-15 17:37:00
-28.36161,-56.10884,NPP-375,2022-04-15 17:37:00
-28.36229,-56.11296,NPP-375,2022-04-15 17:37:00
-28.14143,-51.20799,NPP-375,2022-04-15 17:37:00
-15.09796,-49.40355,NPP-375,2022-04-15 17:37:00
-20.65582,-46.33715,NPP-375,2022-04-15 17:37:00
-20.65912,-46.33881,NPP-375,2022-04-15 17:37:00
-22.73319,-59.17264,NPP-375,2022-04-15 17:37:00
-22.73376,-59.1764,NPP-375,2022-04-15 17:37:00
-28.26367,-60.74908,NPP-375,2022-04-15 17:37:00
-28.27075,-60.7479,NPP-375,2022-04-15 17:37:00
-28.2743,-60.74731,NPP-375,2022-04-15 17:37:00
-28.27488,-60.75177,NPP-375,2022-04-15 17:37:00
-28.27726,-60.74226,NPP-375,2022-04-15 17:37:00
-28.27784,-60.74672,NPP-375,2022-04-15 17:37:00
-28.28259,-60.7277,NPP-375,2022-04-15 17:37:00
-12.47413,-57.20179,NPP-375,2022-04-15 17:39:00
-12.59628,-55.11681,NPP-375,2022-04-15 17:39:00
-12.7354,-55.18883,NPP-375,2022-04-15 17:39:00
-14.2147,-58.91673,NPP-375,2022-04-15 17:39:00
-14.21535,-58.92072,NPP-375,2022-04-15 17:39:00
-12.73904,-55.18356,NPP-375,2022-04-15 17:39:00
-12.95347,-56.92862,NPP-375,2022-04-15 17:39:00
-12.83625,-66.83659,NPP-375,2022-04-15 17:39:00
-12.83628,-66.83617,NPP-375,2022-04-15 17:39:00
-12.85538,-66.85574,NPP-375,2022-04-15 17:39:00
-15.78326,-71.85969,NPP-375,2022-04-15 17:39:00
-15.78432,-71.85791,NPP-375,2022-04-15 17:39:00
-15.78487,-71.86299,NPP-375,2022-04-15 17:39:00
-15.78903,-71.85774,NPP-375,2022-04-15 17:39:00
-15.79016,-71.85684,NPP-375,2022-04-15 17:39:00
-15.87672,-63.18189,NPP-375,2022-04-15 17:39:00
-16.1212,-62.01778,NPP-375,2022-04-15 17:39:00
-16.32033,-71.44804,NPP-375,2022-04-15 17:39:00
-16.32496,-71.43645,NPP-375,2022-04-15 17:39:00
-16.32563,-71.44279,NPP-375,2022-04-15 17:39:00
-16.32634,-71.44955,NPP-375,2022-04-15 17:39:00
-16.3316,-71.44398,NPP-375,2022-04-15 17:39:00
-16.3323,-71.45059,NPP-375,2022-04-15 17:39:00
-16.35593,-71.45254,NPP-375,2022-04-15 17:39:00
-12.85945,-66.85518,NPP-375,2022-04-15 17:39:00
-13.55477,-71.89581,NPP-375,2022-04-15 17:39:00
-14.78506,-66.29259,NPP-375,2022-04-15 17:39:00
-14.78554,-66.29617,NPP-375,2022-04-15 17:39:00
-4.0943,-55.78827,NPP-375,2022-04-15 17:41:00
0.75967,-69.46391,NPP-375,2022-04-15 17:43:00
2.85084,-73.68126,NPP-375,2022-04-15 17:43:00
3.09536,-72.74327,NPP-375,2022-04-15 17:43:00
3.27614,-71.36335,NPP-375,2022-04-15 17:43:00
3.40774,-69.84232,NPP-375,2022-04-15 17:43:00
3.40829,-69.8394,NPP-375,2022-04-15 17:43:00
3.41714,-72.3166,NPP-375,2022-04-15 17:43:00
3.65922,-68.13084,NPP-375,2022-04-15 17:43:00
3.65983,-68.12687,NPP-375,2022-04-15 17:43:00
3.75363,-72.54365,NPP-375,2022-04-15 17:43:00
3.79711,-67.4291,NPP-375,2022-04-15 17:43:00
3.79875,-69.57362,NPP-375,2022-04-15 17:43:00
3.91172,-67.70855,NPP-375,2022-04-15 17:43:00
3.91211,-67.47737,NPP-375,2022-04-15 17:43:00
3.99122,-68.35597,NPP-375,2022-04-15 17:43:00
4.0026,-67.45345,NPP-375,2022-04-15 17:43:00
4.04596,-67.72153,NPP-375,2022-04-15 17:43:00
4.04622,-70.20209,NPP-375,2022-04-15 17:43:00
4.07673,-67.87798,NPP-375,2022-04-15 17:43:00
4.34879,-69.02142,NPP-375,2022-04-15 17:43:00
4.3769,-67.74844,NPP-375,2022-04-15 17:43:00
4.43838,-67.77363,NPP-375,2022-04-15 17:43:00
4.60188,-67.79434,NPP-375,2022-04-15 17:43:00
5.08868,-65.89314,NPP-375,2022-04-15 17:43:00
4.89374,-68.60724,NPP-375,2022-04-15 17:45:00
4.90648,-68.57194,NPP-375,2022-04-15 17:45:00
4.90772,-68.56387,NPP-375,2022-04-15 17:45:00
4.91005,-68.58391,NPP-375,2022-04-15 17:45:00
4.91097,-68.55512,NPP-375,2022-04-15 17:45:00
4.91517,-68.55164,NPP-375,2022-04-15 17:45:00
4.91581,-68.54762,NPP-375,2022-04-15 17:45:00
4.95986,-67.6504,NPP-375,2022-04-15 17:45:00
5.02397,-71.66732,NPP-375,2022-04-15 17:45:00
5.08303,-70.96049,NPP-375,2022-04-15 17:45:00
-25.25057,-58.93049,NOAA-20,2022-04-15 18:26:00
-26.87513,-63.05434,NOAA-20,2022-04-15 18:26:00
-27.85424,-61.62193,NOAA-20,2022-04-15 18:26:00
-27.85508,-61.61937,NOAA-20,2022-04-15 18:26:00
-27.8556,-61.62807,NOAA-20,2022-04-15 18:26:00
-27.85648,-61.6255,NOAA-20,2022-04-15 18:26:00
-27.85909,-61.62057,NOAA-20,2022-04-15 18:26:00
-27.85994,-61.61803,NOAA-20,2022-04-15 18:26:00
-27.86045,-61.62671,NOAA-20,2022-04-15 18:26:00
-27.86133,-61.62415,NOAA-20,2022-04-15 18:26:00
-28.18221,-60.40178,NOAA-20,2022-04-15 18:26:00
-28.26237,-60.74589,NOAA-20,2022-04-15 18:26:00
-28.26821,-60.74781,NOAA-20,2022-04-15 18:26:00
-28.27326,-60.74636,NOAA-20,2022-04-15 18:26:00
-28.27405,-60.74974,NOAA-20,2022-04-15 18:26:00
-28.27832,-60.7449,NOAA-20,2022-04-15 18:26:00
-28.2791,-60.74829,NOAA-20,2022-04-15 18:26:00
-17.70988,-61.13838,NOAA-20,2022-04-15 18:28:00
-17.70996,-61.19607,NOAA-20,2022-04-15 18:28:00
-17.71097,-61.19481,NOAA-20,2022-04-15 18:28:00
-17.71124,-61.13687,NOAA-20,2022-04-15 18:28:00
-17.71233,-61.14189,NOAA-20,2022-04-15 18:28:00
-18.40744,-59.06975,NOAA-20,2022-04-15 18:28:00
-18.4127,-59.06146,NOAA-20,2022-04-15 18:28:00
-18.41366,-59.06403,NOAA-20,2022-04-15 18:28:00
-19.01367,-63.12367,NOAA-20,2022-04-15 18:28:00
-19.01581,-63.12171,NOAA-20,2022-04-15 18:28:00
-20.04037,-62.42496,NOAA-20,2022-04-15 18:28:00
-20.12181,-70.0786,NOAA-20,2022-04-15 18:28:00
-20.17447,-66.70284,NOAA-20,2022-04-15 18:28:00
-22.73623,-59.16998,NOAA-20,2022-04-15 18:28:00
-22.73753,-59.17533,NOAA-20,2022-04-15 18:28:00
-23.35528,-58.0567,NOAA-20,2022-04-15 18:28:00
-24.12061,-61.31572,NOAA-20,2022-04-15 18:28:00
-12.83508,-66.83562,NOAA-20,2022-04-15 18:30:00
-12.96298,-65.41521,NOAA-20,2022-04-15 18:30:00
-12.96357,-65.4184,NOAA-20,2022-04-15 18:30:00
-12.96412,-65.41623,NOAA-20,2022-04-15 18:30:00
-12.96474,-65.4194,NOAA-20,2022-04-15 18:30:00
-13.00366,-66.29113,NOAA-20,2022-04-15 18:30:00
-13.0068,-66.29396,NOAA-20,2022-04-15 18:30:00
-13.00854,-66.29021,NOAA-20,2022-04-15 18:30:00
-13.01066,-66.28744,NOAA-20,2022-04-15 18:30:00
-14.72466,-64.87867,NOAA-20,2022-04-15 18:30:00
-15.29032,-72.01597,NOAA-20,2022-04-15 18:30:00
-15.87903,-63.18184,NOAA-20,2022-04-15 18:30:00
-15.9539,-72.47935,NOAA-20,2022-04-15 18:30:00
-16.12348,-62.01601,NOAA-20,2022-04-15 18:30:00
-16.31705,-71.44733,NOAA-20,2022-04-15 18:30:00
-16.32046,-71.44659,NOAA-20,2022-04-15 18:30:00
-16.32104,-71.4502,NOAA-20,2022-04-15 18:30:00
-16.33068,-71.44448,NOAA-20,2022-04-15 18:30:00
-16.4521,-60.84671,NOAA-20,2022-04-15 18:30:00
-17.45258,-69.95126,NOAA-20,2022-04-15 18:30:00
-17.68398,-67.84235,NOAA-20,2022-04-15 18:30:00
-18.15908,-67.46552,NOAA-20,2022-04-15 18:30:00
1.35031,-71.84791,NOAA-20,2022-04-15 18:34:00
2.38806,-72.44533,NOAA-20,2022-04-15 18:34:00
2.82382,-73.67194,NOAA-20,2022-04-15 18:36:00
2.86119,-73.44868,NOAA-20,2022-04-15 18:36:00
2.8651,-73.44926,NOAA-20,2022-04-15 18:36:00
2.86876,-73.60952,NOAA-20,2022-04-15 18:36:00
2.87707,-73.68456,NOAA-20,2022-04-15 18:36:00
2.9105,-73.30787,NOAA-20,2022-04-15 18:36:00
2.95693,-71.51196,NOAA-20,2022-04-15 18:36:00
3.06761,-73.40797,NOAA-20,2022-04-15 18:36:00
3.09618,-72.74057,NOAA-20,2022-04-15 18:36:00
3.17907,-72.82434,NOAA-20,2022-04-15 18:36:00
3.25592,-71.33684,NOAA-20,2022-04-15 18:36:00
3.31378,-72.44503,NOAA-20,2022-04-15 18:36:00
3.31799,-72.44563,NOAA-20,2022-04-15 18:36:00
3.75683,-72.54486,NOAA-20,2022-04-15 18:36:00
3.80062,-69.571,NOAA-20,2022-04-15 18:36:00
3.95136,-67.74581,NOAA-20,2022-04-15 18:36:00
3.95188,-67.74693,NOAA-20,2022-04-15 18:36:00
3.97399,-68.55062,NOAA-20,2022-04-15 18:36:00
4.03212,-67.92867,NOAA-20,2022-04-15 18:36:00
4.03237,-67.92912,NOAA-20,2022-04-15 18:36:00
4.10087,-70.6358,NOAA-20,2022-04-15 18:36:00
4.11031,-66.75067,NOAA-20,2022-04-15 18:36:00
4.52612,-69.79749,NOAA-20,2022-04-15 18:36:00
4.52655,-69.79443,NOAA-20,2022-04-15 18:36:00
4.52957,-69.79361,NOAA-20,2022-04-15 18:36:00
4.65567,-68.46629,NOAA-20,2022-04-15 18:36:00
4.75492,-69.08,NOAA-20,2022-04-15 18:36:00
4.89412,-68.60259,NOAA-20,2022-04-15 18:36:00
4.89576,-68.60291,NOAA-20,2022-04-15 18:36:00
4.91519,-68.5478,NOAA-20,2022-04-15 18:36:00
4.91877,-68.54812,NOAA-20,2022-04-15 18:36:00
4.91917,-68.55994,NOAA-20,2022-04-15 18:36:00
4.91929,-68.54433,NOAA-20,2022-04-15 18:36:00
4.91972,-68.55615,NOAA-20,2022-04-15 18:36:00
4.92082,-68.54859,NOAA-20,2022-04-15 18:36:00
4.92137,-68.5448,NOAA-20,2022-04-15 18:36:00
4.98871,-68.25199,NOAA-20,2022-04-15 18:36:00
4.98926,-68.24803,NOAA-20,2022-04-15 18:36:00
5.08973,-68.73402,NOAA-20,2022-04-15 18:36:00
5.09024,-68.73029,NOAA-20,2022-04-15 18:36:00
5.09098,-68.73246,NOAA-20,2022-04-15 18:36:00
5.09532,-68.73471,NOAA-20,2022-04-15 18:36:00
5.09657,-68.73313,NOAA-20,2022-04-15 18:36:00
-25.51,-56.88,GOES-16,2022-04-15 18:40:00
-16.31913,-71.44659,NPP-375,2022-04-15 19:19:00
-16.32014,-71.45094,NPP-375,2022-04-15 19:19:00
-16.33291,-71.44048,NPP-375,2022-04-15 19:19:00
-25.8,-51.12,GOES-16,2022-04-15 19:30:00
-25.8,-51.12,GOES-16,2022-04-15 19:40:00
-22.73,-59.16,GOES-16,2022-04-15 19:40:00
-22.73,-59.18,GOES-16,2022-04-15 19:40:00
-25.8,-51.12,GOES-16,2022-04-15 19:50:00
-22.73,-59.16,GOES-16,2022-04-15 19:50:00
-22.73,-59.18,GOES-16,2022-04-15 19:50:00
-25.8,-51.12,GOES-16,2022-04-15 20:00:00
4.95,-69.0,GOES-16,2022-04-15 20:00:00
-25.8,-51.12,GOES-16,2022-04-15 20:10:00
-25.78,-51.13,GOES-16,2022-04-15 20:10:00
-22.73,-59.18,GOES-16,2022-04-15 20:10:00
4.73,-68.97,GOES-16,2022-04-15 20:10:00
-15.71,-41.38,GOES-16,2022-04-15 20:50:00
4.75,-68.91,GOES-16,2022-04-15 20:50:00
5.26,-70.91,GOES-16,2022-04-15 21:00:00
-12.16,-56.81,GOES-16,2022-04-15 21:10:00
-12.16,-56.81,GOES-16,2022-04-15 21:40:00
4.14,-72.35,GOES-16,2022-04-15 21:40:00
-12.14,-56.81,GOES-16,2022-04-15 21:50:00
4.12,-72.35,GOES-16,2022-04-15 21:50:00
4.12,-72.37,GOES-16,2022-04-15 21:50:00
4.14,-72.35,GOES-16,2022-04-15 21:50:00
4.14,-72.37,GOES-16,2022-04-15 21:50:00
4.14,-72.38,GOES-16,2022-04-15 21:50:00
4.14,-72.37,GOES-16,2022-04-15 22:00:00
5.09,-68.73,GOES-16,2022-04-15 22:10:00
